Datum,Startkassa (kr),Total Vinst/Förlust (kr),Nuvarande Kassa (kr),Antal Spelade Matcher
2026-07-20,10000.0,-100.58,9899.42,1
2026-07-20,10000.0,-215.65,9784.35,2
2026-07-20,10000.0,-249.0,9751.0,3
2026-07-20,10000.0,-301.4,9698.6,4
2026-07-20,10000.0,-506.1,9493.9,5
2026-07-20,10000.0,-618.41,9381.59,6
2026-07-20,10000.0,-417.19,9582.81,7
2026-07-20,10000.0,-577.69,9422.31,8
2026-07-20,10000.0,-722.66,9277.34,9
2026-07-20,10000.0,-613.86,9386.14,10
2026-07-20,10000.0,-109.57,9890.43,11
2026-07-20,10000.0,-42.6,9957.4,12
2026-07-20,10000.0,-139.91,9860.09,13
2026-07-20,10000.0,348.64,10348.64,14
2026-07-20,10000.0,348.13,10348.13,15
2026-07-20,10000.0,341.79,10341.79,16
2026-07-20,10000.0,238.13,10238.13,17
2026-07-20,10000.0,103.38,10103.38,18
2026-07-20,10000.0,547.1,10547.1,19
2026-07-20,10000.0,583.11,10583.11,20
2026-07-20,10000.0,519.19,10519.19,21
2026-07-20,10000.0,421.6,10421.6,22
2026-07-21,10000.0,396.81,10396.81,23
2026-07-22,10000.0,390.73,10390.73,24
2026-07-22,10000.0,397.49,10397.49,25
2026-07-22,10000.0,449.37,10449.37,26
2026-07-22,10000.0,485.85,10485.85,27
2026-07-22,10000.0,435.3,10435.3,28
2026-07-22,10000.0,482.35,10482.35,29
2026-07-22,10000.0,516.13,10516.13,30
2026-07-22,10000.0,470.88,10470.88,31
2026-07-22,10000.0,409.19,10409.19,32
2026-07-22,10000.0,361.47,10361.47,33
2026-07-22,10000.0,399.01,10399.01,34
2026-07-22,10000.0,422.26,10422.26,35
2026-07-22,10000.0,376.66,10376.66,36
2026-07-22,10000.0,331.39,10331.39,37
2026-07-23,10000.0,322.57,10322.57,38
2026-07-25,10000.0,381.69,10381.69,39
2026-07-25,10000.0,481.99,10481.99,40
2026-07-26,10000.0,384.26,10384.26,41
2026-07-26,10000.0,522.51,10522.51,42
2026-07-26,10000.0,433.42,10433.42,43
2026-07-26,10000.0,677.1,10677.1,44
2026-07-26,10000.0,757.14,10757.14,45
2026-07-26,10000.0,730.45,10730.45,46
2026-07-26,10000.0,661.61,10661.61,47
2026-07-26,10000.0,562.26,10562.26,48
2026-07-26,10000.0,844.83,10844.83,49
2026-07-26,10000.0,836.9,10836.9,50
2026-07-26,10000.0,1160.12,11160.12,51
2026-07-26,10000.0,1130.05,11130.05,52
2026-07-26,10000.0,1201.12,11201.12,53
2026-07-26,10000.0,1344.02,11344.02,54
2026-07-26,10000.0,1433.61,11433.61,55
2026-07-26,10000.0,1362.44,11362.44,56
2026-07-26,10000.0,1418.27,11418.27,57
2026-07-26,10000.0,1339.82,11339.82,58
2026-07-26,10000.0,1242.75,11242.75,59
2026-07-26,10000.0,1191.49,11191.49,60
2026-07-26,10000.0,1092.41,11092.41,61
2026-07-27,10000.0,1091.55,11091.55,62
2026-07-28,10000.0,1074.71,11074.71,63
2026-07-29,10000.0,1075.05,11075.05,64
2026-08-02,10000.0,1019.02,11019.02,65
2026-08-02,10000.0,964.79,10964.79,66
2026-08-02,10000.0,1103.34,11103.34,67
2026-08-02,10000.0,1038.43,11038.43,68
2026-08-02,10000.0,1193.02,11193.02,69
2026-08-02,10000.0,1133.66,11133.66,70
2026-08-02,10000.0,1080.74,11080.74,71
2026-08-02,10000.0,1200.88,11200.88,72
2026-08-02,10000.0,1138.77,11138.77,73
2026-08-02,10000.0,1215.11,11215.11,74
2026-08-16,10000.0,1242.86,11242.86,75
2026-08-16,10000.0,1132.14,11132.14,76
2026-08-16,10000.0,1138.27,11138.27,77
2026-08-19,10000.0,1085.72,11085.72,78
2026-08-19,10000.0,1045.56,11045.56,79
2026-08-19,10000.0,1113.87,11113.87,80
2026-08-19,10000.0,1061.32,11061.32,81
2026-08-19,10000.0,1008.77,11008.77,82
2026-08-19,10000.0,1121.75,11121.75,83
2026-08-20,10000.0,1217.34,11217.34,84
2026-08-20,10000.0,1353.97,11353.97,85
2026-08-20,10000.0,1266.15,11266.15,86
2026-08-20,10000.0,1255.57,11255.57,87
2026-08-20,10000.0,1235.93,11235.93,88
2026-08-20,10000.0,1183.38,11183.38,89
2026-08-22,10000.0,1231.2,11231.2,90
2026-08-22,10000.0,1178.65,11178.65,91
2026-08-22,10000.0,1139.68,11139.68,92
2026-08-22,10000.0,1119.24,11119.24,93
2026-08-22,10000.0,1116.79,11116.79,94
2026-08-23,10000.0,1110.77,11110.77,95
2026-08-23,10000.0,1058.22,11058.22,96
2026-08-23,10000.0,1005.67,11005.67,97
2026-08-23,10000.0,996.57,10996.57,98
2026-08-23,10000.0,1080.62,11080.62,99
2026-08-23,10000.0,1042.93,11042.93,100
2026-08-23,10000.0,1073.14,11073.14,101
2026-08-23,10000.0,1209.77,11209.77,102
2026-08-23,10000.0,1177.03,11177.03,103
2026-08-29,10000.0,1172.66,11172.66,104
2026-08-29,10000.0,1165.04,11165.04,105
2026-08-29,10000.0,1178.37,11178.37,106
2026-08-29,10000.0,1177.52,11177.52,107
2026-08-29,10000.0,1175.65,11175.65,108
2026-08-29,10000.0,1168.72,11168.72,109
2026-08-29,10000.0,1174.53,11174.53,110
2026-08-29,10000.0,1185.89,11185.89,111
2026-08-29,10000.0,1184.84,11184.84,112
2026-08-30,10000.0,1183.83,11183.83,113
2026-08-30,10000.0,1181.17,11181.17,114
2026-08-30,10000.0,1176.83,11176.83,115
2026-08-30,10000.0,1176.26,11176.26,116
2026-08-30,10000.0,1174.28,11174.28,117
2026-08-30,10000.0,1168.31,11168.31,118
2026-08-30,10000.0,1167.98,11167.98,119
2026-08-30,10000.0,1167.02,11167.02,120
2026-08-30,10000.0,1193.53,11193.53,121
2026-08-30,10000.0,1192.73,11192.73,122
2026-08-30,10000.0,1212.07,11212.07,123
2026-08-30,10000.0,1211.32,11211.32,124
2026-08-30,10000.0,1217.12,11217.12,125
2026-08-30,10000.0,1210.4,11210.4,126
2026-09-04,10000.0,1195.45,11195.45,127
2026-09-05,10000.0,1193.68,11193.68,128
2026-09-05,10000.0,1189.3,11189.3,129
2026-09-05,10000.0,1188.85,11188.85,130
2026-09-05,10000.0,1181.06,11181.06,131
2026-09-05,10000.0,1173.55,11173.55,132
2026-09-05,10000.0,1171.56,11171.56,133
2026-09-05,10000.0,1167.25,11167.25,134
2026-09-05,10000.0,1170.01,11170.01,135
2026-09-05,10000.0,1167.95,11167.95,136
2026-09-05,10000.0,1200.03,11200.03,137
2026-09-05,10000.0,1200.46,11200.46,138
2026-09-06,10000.0,1204.42,11204.42,139
2026-09-06,10000.0,1205.33,11205.33,140
2026-09-06,10000.0,1211.75,11211.75,141
2026-09-06,10000.0,1209.26,11209.26,142
2026-09-06,10000.0,1206.59,11206.59,143
2026-09-06,10000.0,1199.53,11199.53,144
2026-09-06,10000.0,1197.19,11197.19,145
2026-09-06,10000.0,1191.58,11191.58,146
2026-09-06,10000.0,1206.81,11206.81,147
2026-09-06,10000.0,1200.13,11200.13,148
2026-09-06,10000.0,1197.23,11197.23,149
2026-09-12,10000.0,1192.15,11192.15,150
2026-09-12,10000.0,1186.7,11186.7,151
2026-09-12,10000.0,1178.25,11178.25,152
2026-09-12,10000.0,1217.87,11217.87,153
2026-09-12,10000.0,1243.62,11243.62,154
2026-09-12,10000.0,1233.44,11233.44,155
2026-09-13,10000.0,1228.39,11228.39,156
2026-09-13,10000.0,1214.01,11214.01,157
2026-09-13,10000.0,1209.9,11209.9,158
2026-09-13,10000.0,1218.89,11218.89,159
2026-09-13,10000.0,1213.42,11213.42,160
2026-09-13,10000.0,1204.02,11204.02,161
2026-09-13,10000.0,1217.58,11217.58,162
2026-09-13,10000.0,1215.88,11215.88,163
2026-09-13,10000.0,1208.06,11208.06,164
2026-09-13,10000.0,1203.06,11203.06,165
2026-09-13,10000.0,1191.18,11191.18,166
2026-09-13,10000.0,1216.11,11216.11,167
2026-09-13,10000.0,1201.16,11201.16,168
2026-09-13,10000.0,1196.36,11196.36,169
2026-09-13,10000.0,1201.2,11201.2,170
2026-09-13,10000.0,1197.84,11197.84,171
2026-09-14,10000.0,1178.89,11178.89,172
2026-09-14,10000.0,1176.51,11176.51,173
2026-09-18,10000.0,1185.73,11185.73,174
2026-09-18,10000.0,1182.22,11182.22,175
2026-09-19,10000.0,1199.54,11199.54,176
2026-09-19,10000.0,1241.34,11241.34,177
2026-09-19,10000.0,1237.75,11237.75,178
2026-09-19,10000.0,1260.89,11260.89,179
2026-09-20,10000.0,1268.3,11268.3,180
2026-09-20,10000.0,1263.73,11263.73,181
2026-09-20,10000.0,1257.15,11257.15,182
2026-09-20,10000.0,1253.04,11253.04,183
2026-09-20,10000.0,1245.76,11245.76,184
2026-09-20,10000.0,1259.64,11259.64,185
2026-09-20,10000.0,1249.32,11249.32,186
2026-09-20,10000.0,1253.52,11253.52,187
2026-09-20,10000.0,1241.29,11241.29,188
2026-09-20,10000.0,1255.62,11255.62,189
2026-09-26,10000.0,1251.44,11251.44,190
2026-09-26,10000.0,1293.78,11293.78,191
2026-09-26,10000.0,1279.76,11279.76,192
2026-09-26,10000.0,1391.92,11391.92,193
2026-09-27,10000.0,1444.15,11444.15,194
2026-09-27,10000.0,1438.91,11438.91,195
2026-09-27,10000.0,1408.88,11408.88,196
2026-09-27,10000.0,1364.6,11364.6,197
2026-09-27,10000.0,1351.46,11351.46,198
2026-09-27,10000.0,1321.43,11321.43,199
2026-09-27,10000.0,1317.31,11317.31,200
2026-09-27,10000.0,1322.91,11322.91,201
2026-09-27,10000.0,1319.9,11319.9,202
