Rad,rad
1111211111111,1111211111111
1111111111121,1111111111121
2111111111111,2111111111111
1111121111111,1111121111111
1111111112111,1111111112111
1211111111111,1211111111111
111111111X111,111111111X111
1X11111111111,1X11111111111
11111111111X1,11111111111X1
111111111111X,111111111111X
111X111111111,111X111111111
1121112111111,1121112111111
1112111211111,1112111211111
1111211111112,1111211111112
1112112111111,1112112111111
1111121211111,1111121211111
2111121111111,2111121111111
1121121111111,1121121111111
1212111111111,1212111111111
2111211111111,2111211111111
1111221111111,1111221111111
1111111112121,1111111112121
1211111121111,1211111121111
1112111111112,1112111111112
1111111221111,1111111221111
1111111112211,1111111112211
2111111112111,2111111112111
1111121111121,1111121111121
2111111111112,2111111111112
2111111111121,2111111111121
1111111121211,1111111121211
1111111212111,1111111212111
1111111211121,1111111211121
1111111111212,1111111111212
1111121111112,1111121111112
111121111X111,111121111X111
111121X111111,111121X111111
1111X12111111,1111X12111111
1111X11111211,1111X11111211
X121111111111,X121111111111
1X21111111111,1X21111111111
11111X1111121,11111X1111121
1211111111X11,1211111111X11
11X1121111111,11X1121111111
1111112111X11,1111112111X11
1211X11111111,1211X11111111
111111X211111,111111X211111
11112111X1111,11112111X1111
X111111121111,X111111121111
1111211X11111,1111211X11111
X111121111111,X111121111111
11X1111112111,11X1111112111
12111111X1111,12111111X1111
11111X1211111,11111X1211111
11X1111111211,11X1111111211
11X1111111121,11X1111111121
1111111X12111,1111111X12111
211X111111111,211X111111111
21111X1111111,21111X1111111
21111111X1111,21111111X1111
1X11111112111,1X11111112111
1111X11112111,1111X11112111
1111X11111121,1111X11111121
1121111111X11,1121111111X11
112111111X111,112111111X111
11121111X1111,11121111X1111
111X121111111,111X121111111
1X11111111211,1X11111111211
1X12111111111,1X12111111111
11111111X2111,11111111X2111
211111X111111,211111X111111
1111111111X21,1111111111X21
11111112X1111,11111112X1111
11111X1111112,11111X1111112
111111211111X,111111211111X
1111111X11112,1111111X11112
111111112111X,111111112111X
11111111X1112,11111111X1112
11111111111X2,11111111111X2
111111X111112,111111X111112
11121111111X1,11121111111X1
X111112111111,X111112111111
1111121X11111,1111121X11111
11111111121X1,11111111121X1
1111112X11111,1111112X11111
1112111X11111,1112111X11111
12111111111X1,12111111111X1
111XX11111111,111XX11111111
X111X11111111,X111X11111111
1111X1X111111,1111X1X111111
11X1X11111111,11X1X11111111
1111X1111X111,1111X1111X111
1111X1111111X,1111X1111111X
111X1X1111111,111X1X1111111
1X1111111111X,1X1111111111X
11X11X1111111,11X11X1111111
11111X111X111,11111X111X111
11X11111111X1,11X11111111X1
11X111111111X,11X111111111X
1X1111111X111,1X1111111X111
1X111X1111111,1X111X1111111
X1111111X1111,X1111111X1111
X111111111X11,X111111111X11
1111111X1111X,1111111X1111X
11XX111111111,11XX111111111
X1111X1111111,X1111X1111111
111111XX11111,111111XX11111
X1X1111111111,X1X1111111111
111111X11X111,111111X11X111
11111111XX111,11111111XX111
111111111XX11,111111111XX11
1X11111111X11,1X11111111X11
111111X1111X1,111111X1111X1
1111211112211,1111211112211
1111211111122,1111211111122
1112121111121,1112121111121
1121112111112,1121112111112
1111122111112,1111122111112
1112111211112,1112111211112
2111121111112,2111121111112
1111122111121,1111122111121
1111121211121,1111121211121
1111112211121,1111112211121
1111222111111,1111222111111
1211211111121,1211211111121
1111212111121,1111212111121
1111212211111,1111212211111
2111211111121,2111211111121
1211111211112,1211111211112
1211111211121,1211111211121
1112111112121,1112111112121
1111121111122,1111121111122
1111112211211,1111112211211
1111121121121,1111121121121
1211111111212,1211111111212
1211111111221,1211111111221
2111111111122,2111111111122
1111112121121,1111112121121
1211121111211,1211121111211
1121111112112,1121111112112
1111111112212,1111111112212
1112111221111,1112111221111
2111112211111,2111112211111
2111112121111,2111112121111
2221122121112,2221122121112
2221122X21X12,2221122X21X12
222X1221X1X12,222X1221X1X12
222X12X122X12,222X12X122X12
222112X121X22,222112X121X22
222X122X22X12,222X122X22X12
222X1221X1112,222X1221X1112
22X112212X212,22X112212X212
222X122122222,222X122122222
22X112X121X12,22X112X121X12
2X2212212XX12,2X2212212XX12
2221122X21122,2221122X21122
22211X2122212,22211X2122212
22211X212XX1X,22211X212XX1X
222112X1X2X12,222112X1X2X12
22XX122121222,22XX122121222
22211X212111X,22211X212111X
222X122XXX112,222X122XXX112
222X1X212X11X,222X1X212X11X
22221X212111X,22221X212111X
2221122XX1X22,2221122XX1X22
22X112X121X1X,22X112X121X1X
222112X1XXX1X,222112X1XXX1X
222112X12X111,222112X12X111
222212XX2X122,222212XX2X122
22221XX122112,22221XX122112
222112X1211XX,222112X1211XX
222X12XXX1112,222X12XXX1112
22211221X1211,22211221X1211
22X112XX21112,22X112XX21112
222111X121X12,222111X121X12
2X2X12212X11X,2X2X12212X11X
222XX2X12X212,222XX2X12X212
222X1221XXXXX,222X1221XXXXX
22XX12X12111X,22XX12X12111X
222X1221X21X2,222X1221X21X2
22X21XX12XX12,22X21XX12XX12
22211X212X211,22211X212X211
22X212X12X122,22X212X12X122
2X211221X1112,2X211221X1112
22X212X12X11X,22X212X12X11X
222X12X1XX1X2,222X12X1XX1X2
22211221X1X21,22211221X1X21
222112XXXXX22,222112XXXXX22
222X1XX12X2X2,222X1XX12X2X2
2X2212212X1X2,2X2212212X1X2
222212211X212,222212211X212
22XX12X1XX112,22XX12X1XX112
2222122X22111,2222122X22111
222X1221X11XX,222X1221X11XX
22211221222X1,22211221222X1
2221X221XX112,2221X221XX112
222112XX22X11,222112XX22X11
2222X221212X2,2222X221212X2
22211121X1X12,22211121X1X12
22X1122X22XX2,22X1122X22XX2
22XXX22121112,22XXX22121112
22X1X2212X212,22X1X2212X212
2X21122121XXX,2X21122121XXX
22X11221X2X1X,22X11221X2X1X
222X11X12X112,222X11X12X112
2X2X1221X1X1X,2X2X1221X1X1X
222X12X1212X1,222X12X1212X1
22221211XXX12,22221211XXX12
2XXX122121X1X,2XXX122121X1X
22XX1221X11X2,22XX1221X11X2
222112X1XX111,222112X1XX111
222X121X22X12,222X121X22X12
22XX12X12XXXX,22XX12X12XXXX
222112X122221,222112X122221
22X11X212X1X2,22X11X212X1X2
2222X22X22112,2222X22X22112
22211211X1212,22211211X1212
2222122112112,2222122112112
222211212121X,222211212121X
2221X22121111,2221X22121111
222112X221X1X,222112X221X1X
X22X12X12X212,X22X12X12X212
222111X121X1X,222111X121X1X
X22X122121122,X22X122121122
22211X1121112,22211X1121112
222212X111112,222212X111112
2X2212X121X11,2X2212X121X11
22211X211XX12,22211X211XX12
2X21122XX1112,2X21122XX1112
222X1X2X222X2,222X1X2X222X2
222X12211X222,222X12211X222
2X211X212X222,2X211X212X222
22XX122221212,22XX122221212
2XX11X212XX12,2XX11X212XX12
2X21122X2X1X2,2X21122X2X1X2
2222122111222,2222122111222
222X12X222212,222X12X222212
2222X2XX2X112,2222X2XX2X112
2221X221X1XX2,2221X221X1XX2
2X2X122X2X2X2,2X2X122X2X2X2
22X21X212XX11,22X21X212XX11
222X12222XX11,222X12222XX11
222X1X21221XX,222X1X21221XX
2221X22X2X21X,2221X22X2X21X
22XX12222X212,22XX12222X212
222X12X1XXX21,222X12X1XXX21
22221X2221212,22221X2221212
22XX12XX211X2,22XX12XX211X2
22211X21212X1,22211X21212X1
222112211X11X,222112211X11X
222211XX2XX12,222211XX2XX12
2X21122X2XX2X,2X21122X2XX2X
22X11XXX21212,22X11XXX21212
22211X21211X1,22211X21211X1
22X2X22122212,22X2X22122212
22211X21X1211,22211X21X1211
22211XXX21X2X,22211XXX21X2X
22211X21X1111,22211X21X1111
2XXX122X22X12,2XXX122X22X12
2212122121XX2,2212122121XX2
22211XXXX2X12,22211XXXX2X12
222XX2XX2XX22,222XX2XX2XX22
222212XXX1X11,222212XXX1X11
222X12X1X2211,222X12X1X2211
222X1X21X1111,222X1X21X1111
2X221X212111X,2X221X212111X
22211221X2221,22211221X2221
222X11212221X,222X11212221X
2X2X12XX21122,2X2X12XX21122
222X1X21XX111,222X1X21XX111
22XX12X122111,22XX12X122111
2X211X2121X11,2X211X2121X11
2221X22XXX112,2221X22XXX112
2221122111X2X,2221122111X2X
22211211222X2,22211211222X2
22XX1221XX22X,22XX1221XX22X
2221X22XX2X12,2221X22XX2X12
22X2122XX1122,22X2122XX1122
222112112122X,222112112122X
22XX122111112,22XX122111112
2X21122111X12,2X21122111X12
2X22122XX1X22,2X22122XX1X22
2222121121XXX,2222121121XXX
2X21X22121X1X,2X21X22121X1X
212212212X212,212212212X212
2X21121121112,2X21121121112
22211222X2112,22211222X2112
2212122X2X212,2212122X2X212
